抓取日期,分類,排名,商品編號,廠牌,型號,商品名稱,折扣,售價,原價,商品詳細,連結
2026-09-19,掃地機器人,1,269846,DJI,ROMO,DJI ROMO S 掃拖機器人,82折,$20480,"$24,980",簡約美學白色機身設計 ｜ 搭配旗艦無人機同款避障系統 ｜ 基站高壓熱洗技術，200天長效免維護 ｜ 根據地形靈活快擴，無縫貼合牆沿轉角 ｜ 25000 Pa絕塵吸力 ｜ 拖地方案可訂製，去汙除臭隨心選 ｜ 毛髮0纏繞0卡機，告別手動清理 ｜ 三重消音艙設計，低噪音不打擾,https://www.tk3c.com/product/269846?kw=掃地機器人&source=5&ec=Search_hotPC1
2026-09-19,掃地機器人,2,258091,Roborock,RRA1TAL,Roborock 石頭 Q8 Max Pro 掃拖機器人,26折,$4999,"$18,999",自動升降拖布 ｜ /零纏繞邊刷 ｜ 10000Pa大吸力,https://www.tk3c.com/product/258091?kw=掃地機器人&source=5&ec=Search_hotPC1
2026-09-19,掃地機器人,3,270563,Roborock,RRE0VPC,Roborock 石頭 Qrevo Edge 2 掃拖機器人,33折,$19999,"$59,999",25000Pa颶風吸力 ｜ 自動拆卸鎖水拖布 ｜ 280＋障礙物辨識 ｜ 高溫熱水洗烘 ｜ 零纏繞,https://www.tk3c.com/product/270563?kw=掃地機器人&source=5&ec=Search_hotPC1
2026-09-19,掃地機器人,4,251357,Xiaomi,TM-54782,Xiaomi掃拖機器人 S20+,,$6795,"$6,795",6000Pa 強效吸力風扇鼓風機 ｜ LDS 雷射導航 ｜ 5200mAh 電池 ｜ 米家 APP 遠端控制,https://www.tk3c.com/product/251357?kw=掃地機器人&source=5&ec=Search_hotPC1
2026-09-19,掃地機器人,5,265528,Roborock,RRE0CPS,Roborock 石頭 Saros 20 掃拖機器人,49折,$32980,"$66,999",100度熱水洗 ｜ 8.8公分雙門檻越障 ｜ 36000pa ｜ 深入7.95cm低矮空間 ｜ 障礙物識別300+,https://www.tk3c.com/product/265528?kw=掃地機器人&source=5&ec=Search_hotPC1
2026-09-19,掃地機器人,6,258088,Roborock,RRW0PEP,Roborock 石頭 Qrevo C 掃拖機器人,35折,$11999,"$33,999",雙重零纏繞 ｜ 12000Pa吸力 ｜ 伸縮機械臂 ｜ 45度烘乾,https://www.tk3c.com/product/258088?kw=掃地機器人&source=5&ec=Search_hotPC1
2026-09-19,掃地機器人,7,267209,Roborock,RRE0VSP,Roborock 石頭 Qrevo Edge 2 Pro 掃拖機器人,45折,$26980,"$59,999",低矮區來去自如 ｜ 專為卓越清潔效能打造 ｜ 搭配100℃熱水洗+55℃烘乾 ｜ 主刷、邊刷、萬向輪三重防纏 ｜ 可輕鬆跨越 3+1 公分雙層門檻,https://www.tk3c.com/product/267209?kw=掃地機器人&source=5&ec=Search_hotPC1
2026-09-19,掃地機器人,8,263451,Roborock,RRE0BEL,Roborock 石頭 Qrevo Curv 2 Flow 掃拖機器人,33折,$19999,"$59,999",滾筒活水拖地270mm 超長滾筒即時刮污 ｜ 支援43mm可伸縮貼邊清潔 ｜ 2.0零纏繞可升降雙邊刷 ｜ 20000Pa大吸力 ｜ 75°C高溫洗布 ｜ 55°C熱烘,https://www.tk3c.com/product/263451?kw=掃地機器人&source=5&ec=Search_hotPC1
2026-09-19,掃地機器人,9,267776,Roborock,RRE0VES,Roborock 石頭 Saros 20 Sonic 掃拖機器人,50折,$34980,"$69,999",100度熱水洗 ｜ 4.5+4.3公分雙門檻越障 ｜ 36000pa ｜ 伸縮平板震動拖布,https://www.tk3c.com/product/267776?kw=掃地機器人&source=5&ec=Search_hotPC1
2026-09-19,掃地機器人,10,267777,Dyson,RB05,Dyson Spot+Scrub Ai 掃拖機器人,,$24900,"$24,900",Ai偵測清潔，直到徹底潔淨，不乾淨不收工 ｜ Ai智慧感測系統，精準辨識近200種物品 ｜ 27cm 超寬幅洗地滾筒，潔淨不留痕跡 ｜ 12點釋放60°C熱活水洗地 ｜ 避免毛髮纏繞與精準清潔 ｜ 基座自清潔，助你解放雙手 ｜ 嚴格保護數據，隱私安全有保障 ｜ 於APP中快速建圖智能分區,https://www.tk3c.com/product/267777?kw=掃地機器人&source=5&ec=Search_hotPC1
2026-09-19,掃地機器人,11,266101,Roborock,RRE0CPS,Roborock 石頭 Saros 20 水立方 掃拖機器人,50折,$34980,"$69,999",100度熱水洗 ｜ 4.8+4公分雙門檻越障 ｜ 36000pa ｜ 自動上下水,https://www.tk3c.com/product/266101?kw=掃地機器人&source=5&ec=Search_hotPC1
2026-09-19,掃地機器人,12,258089,Roborock,RRE0PEE,Roborock 石頭 Qrevo L 掃拖機器人,,$9999,"$29,999",自動洗烘拖布 ｜ 自動集塵 ｜ 10000Pa吸力 ｜ 零纏繞邊刷,https://www.tk3c.com/product/258089?p=1&kw=掃地機器人&ec=Search_goodsPC1
2026-09-19,掃地機器人,13,258090,Roborock,RRA0TCP,Roborock 石頭 Q8 掃拖機器人,,$4999,"$16,999",零纏繞邊刷 ｜ 10000Pa大吸力 ｜ 二合一集塵盒水,https://www.tk3c.com/product/258090?p=1&kw=掃地機器人&ec=Search_goodsPC1
2026-09-19,掃地機器人,14,258721,Roborock,S90VER,Roborock 石頭 G30 掃拖機器人,,$27980,"$66,999",RetractSense 智慧升降全域LDS導航系統 ｜ 7.98cm 超薄機身 ｜ VibraRise 強震聲波增壓恆濕拖地 ｜ 業界首創智慧升降底盤 ｜ 22000Pa 颶風吸力,https://www.tk3c.com/product/258721?p=1&kw=掃地機器人&ec=Search_goodsPC1
2026-09-19,掃地機器人,15,260806,Roborock,RRE0VSC,Roborock 石頭 Qrevo EdgeT 掃拖機器人,,$22888,"$59,999",智慧升降全域LDS導航系統 ｜ 7.98cm 業界超薄機身 ｜ 三重零纏繞清掃系統 ｜ 業界超強18500Pa 颶風吸力,https://www.tk3c.com/product/260806?p=1&kw=掃地機器人&ec=Search_goodsPC1
2026-09-19,掃地機器人,16,809935,Xiaomi,41776,(展示品) Xiaomi 掃拖機器人 S10,,$3880,"$7,995",Xiaomi 掃拖機器人 S10 ｜ 吸拖合一 掃除塵埃 ｜ 激光導航 精準快速鍵圖 ｜ 4000Pa強大吸力 ｜ 吸拖合一 掃除塵埃,https://www.tk3c.com/product/809935?p=1&kw=掃地機器人&ec=Search_goodsPC1
2026-09-19,掃地機器人,17,205285,聲寶SAMPO,EC-W19011SBL,聲寶SAMPO 路徑導航掃地機器人,,$9900,"$12,900",EPSON陀螺儀定位精準 清掃效率高 ｜ 自動認路並規畫路徑清掃及分區清掃功能 ｜ ARM 核心芯片空間地圖建立運算規劃清掃 ｜ 集塵盒及水箱二合一設計  掃吸拖一機搞定 ｜ 當電池電量過低時，會自動返回充電座 ｜ 智能防掉落感應裝置 ｜ 自動偵測邊緣環境 ｜ 續掃功能,https://www.tk3c.com/product/205285?p=2&kw=掃地機器人&ec=Search_goodsPC2
2026-09-19,掃地機器人,18,240391,iRobot,,iRobot 掃地機原廠邊(側)刷3入組,,$712,$712,"原廠側刷為環保材質 ｜ 建議輪流交替使用可延長壽命 ｜ Roomba原廠側刷3支含螺絲3顆 ｜ s9+機型除外 ｜ 使用原廠耗材,可延長機器人壽命 ｜ 使用非原廠耗材,保固自動失效",https://www.tk3c.com/product/240391?p=2&kw=掃地機器人&ec=Search_goodsPC2
2026-09-19,掃地機器人,19,257034,Roborock,RRE0R50,Roborock 石頭 Saros Z70 掃拖機器人,,$36980,"$66,999",7.98cm 極薄機身 ｜ 恆濕熱拖 ｜ 80度熱水洗 ｜ 智慧升降底盤 ｜ 三重零纏繞清掃系統,https://www.tk3c.com/product/257034?p=2&kw=掃地機器人&ec=Search_goodsPC2
2026-09-19,掃地機器人,20,261153,伊萊克斯Electrolux,EFR71222DS,伊萊克斯 Electrolux 極適家居700掃拖機器人,,$10900,"$14,900","高達4000Pa☆的強勁吸力 ｜ 透過LiDAR光學雷達精準打掃 ｜ 智慧集塵塔 自動清空髒汙 ｜ 280ml水箱,可濕拖達54坪空間 ｜ APP遠端靈活安排行程",https://www.tk3c.com/product/261153?p=2&kw=掃地機器人&ec=Search_goodsPC2
